{
  "project_info": {
    "project_number": "127723492529",
    "firebase_url": "https://fblogin-28b46.firebaseio.com",
    "project_id": "fblogin-28b46",
    "storage_bucket": "fblogin-28b46.appspot.com"
  },
  "client": [
    {
      "client_info": {
        "mobilesdk_app_id": "1:127723492529:android:67ce618fc66fae6c283e90",
        "android_client_info": {
          "package_name": "com.thundersharp.fbgooglelogin"
        }
      },
      "oauth_client": [
        {
          "client_id": "127723492529-0ua36b5b839r00emouq3ddfva9rit0fs.apps.googleusercontent.com",
          "client_type": 3
        }
      ],
      "api_key": [
        {
          "current_key": "AIzaSyDJIAc3vTSdecI077xv4xg3DspP3pk1vdU"
        }
      ],
      "services": {
        "appinvite_service": {
          "other_platform_oauth_client": [
            {
              "client_id": "127723492529-0ua36b5b839r00emouq3ddfva9rit0fs.apps.googleusercontent.com",
              "client_type": 3
            }
          ]
        }
      }
    }
  ],
  "configuration_version": "1"
}